"id","classification","score","title","description","topic_id","created_at","updated_at","privacy_related","docbot_regex"
175,"good",50,"You can delete your content from this service","You can ask the service to remove your content at any time, and it's deleted within a reasonable time.",45,"2018-01-16 15:26:09.45258","2021-02-27 14:23:56.238878",NULL,""
130,"bad",50,"A license is kept on user-generated content even after you close your account","The service may still use your content and display it after you stopped using it by closing your account. The case applies to terms requiring users to grant them a perpetual license over that content.
",30,"2018-01-16 15:26:08.38805","2021-05-06 08:26:06.196896",True,""
129,"bad",60,"This service tracks you on other websites","The service may use tracking technologies in third-party websites to track your online activity while you aren't visiting their Site.
",25,"2018-01-16 15:26:08.370367","2021-02-24 22:56:35.859683",True,""
237,"neutral",0,"You agree to comply with the law of the service's country","By using the service, you agree to comply with the applicable laws of the service's jurisdiction, regardless of your location.",28,"2018-07-22 09:09:08.496243","2021-05-06 08:35:07.855459",NULL,""
173,"bad",25,"This service retains rights to your content even after you stop using your account","The service may still use your content and display it after you stopped using it by closing your account, since you granted them a perpetual or (in some cases) an unlimited license over that content.",45,"2018-01-16 15:26:09.415729","2021-02-27 15:51:22.50162",NULL,""
169,"neutral",0,"The service is transparent regarding government requests or inquiries that may involve your data.","Weight was 30.",55,"2018-01-16 15:26:09.320369","2021-05-06 08:36:09.133455",NULL,""
133,"bad",80,"very broad","",55,"2018-01-16 15:26:08.468309","2020-11-12 04:15:01.495937",NULL,NULL
162,"neutral",50,"The service has a no refund policy","Payments are final and can't be refunded unless required by law.",54,"2018-01-16 15:26:09.166124","2021-03-27 16:43:06.005944",NULL,"^(((?=.*non-refundable))|((?=.*not )((?=.*refundable))|(?=.*no )(?=.*refund)))"
171,"good",90,"Features of the website are made available under a free software license","This case applies to services under licenses that are free as in ""freedom"". According to the Free Software Foundation, ""free software is the software that grants the user the freedom to share, study, and modify it"". Furthermore, the code is entirely open source and may be used without any restriction, including for commercial purposes.",36,"2018-01-16 15:26:09.366216","2021-05-04 17:54:43.907823",NULL,""
238,"neutral",0,"You agree not to submit illegal content","",55,"2018-07-22 09:13:18.812569","2021-05-06 08:37:17.162571",NULL,""
138,"neutral",10,"Instructions are provided on how to submit a copyright claim","If content that you own is copied or made accessible through the service in a way that constitutes an intellectual property right infringement, you can report it following the instructions given in the agreements. ",30,"2018-01-16 15:26:08.602556","2021-05-06 08:26:25.934688",NULL,""
168,"neutral",0,"The service is not transparent regarding government requests or inquiries that may involve your data. ","Weight was 30.",55,"2018-01-16 15:26:09.284499","2021-05-06 08:34:07.393119",NULL,""
136,"neutral",50,"The copyright license that you grant this service is limited to the parties that make up the service's broader platform.","",30,"2018-01-16 15:26:08.563886","2021-05-06 08:35:01.322416",NULL,""
132,"bad",50,"The copyright license maintained by the service over your data and/or content is broader than necessary.","",55,"2018-01-16 15:26:08.435933","2021-05-06 08:49:47.774993",NULL,""
122,"neutral",0,"The terms may be changed at any time, but you will receive notification of the changes","The Terms may be updated without prior notice, but users will be notified of the changes at the moment they will start applying.",46,"2018-01-16 15:26:08.192931","2021-05-07 16:23:11.148598",NULL,""
276,"neutral",40,"The service can intervene in user disputes","If you have a dispute with another user on this service, they can review the issue and intervene. However, they don't have an obligation to do so.

",31,"2018-08-16 14:20:48.892529","2018-08-16 14:20:48.892529",NULL,NULL
235,"neutral",0,"none","Do not select this case, because points with this case will not show up on tosdr.org",53,"2018-07-11 09:35:12.069597","2019-04-01 07:00:21.112429",NULL,NULL
229,"neutral",10,"You cannot distribute or disclose your account to third parties","In this context third-parties refers to anyone including friends, family, or company ",36,"2018-01-16 15:26:10.661374","2020-10-19 20:27:50.912521",NULL,NULL
179,"bad",50,"This service takes credit for your content","",27,"2018-01-16 15:26:09.544495","2018-07-19 05:51:47.534373",NULL,NULL
154,"neutral",0,"This service cannot be held responsible for disputes that you may have with other users","You are responsible for the interactions and the disputes that may occur with other users of the Service. In the event of a dispute, you release the Service from all claims resulting from it.",31,"2018-01-16 15:26:09.027329","2021-02-28 12:00:09.055205",NULL,""
149,"bad",10,"Any liability on behalf of the service is only limited to the fees you paid as a user","",31,"2018-01-16 15:26:08.856023","2021-05-31 20:20:11.273529",NULL,"^(((?=.*liability)|(?=.*not be liable))(((?=.*exceed)(?=.*paid))|(?=.*paid by you)|(?=.*paid by the user)|(?=.*you paid us)|(?=.*you have paid to us)))"
134,"bad",50,"Your content can be licensed to third parties","By posting content through the Services, users grant them a transferable and/or sublicensable right, which allows user content to be licensed to third parties.",30,"2018-01-16 15:26:08.502469","2021-06-05 18:04:47.563378",True,""
408,"neutral",10,"This service informs you that its Terms of Service does not apply to third party websites","The service states that whenever it links to third party websites or applications, its Terms of Service does not apply. Those third party websites or applications hosted or operated by other organizations may have their Terms of Service.",36,"2021-02-27 09:40:23.541271","2021-06-05 18:05:00.172695",NULL,""
155,"good",20,"If you are the target of a copyright holder's take down notice, this service gives you the opportunity to defend yourself","You have the right to send a counter-notice to the service if you believe the content that was removed wasn't infringing any copyright.",30,"2018-01-16 15:26:09.056127","2021-04-17 01:16:56.851765",NULL,"^(((?=.*DMCA)|(?=.*wrongly))((?=.*counter-notice)|(?=.*counter-notification))|((?=.*counter)(?=.*notification)(?=.*copyright)(?=.*agent))|(((?=.*counter-notification)|(?=.*counter)(?=.*notification))(?=.*takedown)))"
224,"bad",30,"You cannot opt out of promotional communications","This applies to cases where opting out of promotional communications requires sending a written letter by mail or is otherwise more complicated and time consuming than necessary.",34,"2018-01-16 15:26:10.556183","2021-02-25 13:08:48.721462",NULL,""
280,"neutral",10,"You agree not to use the service for illegal purposes","The user agrees not to commit any unlawful acts through the use of the website, including the posting of illegal content or messaging.",52,"2018-08-24 00:28:50.493125","2021-05-06 08:43:36.925216",NULL,""
147,"neutral",35,"Defend, indemnify, hold harmless; survives termination","",31,"2018-01-16 15:26:08.818002","2023-04-03 18:55:50.439674",NULL,"^((?=.*survive))((?=.*termination))"
139,"neutral",50,"Your content can be distributed through any media known now or in the future","",30,"2018-01-16 15:26:08.619073","2023-04-03 18:57:28.753748",NULL,""
226,"good",15,"Information is provided about security practices","It's important to know what security measures are taken to protect your data from unauthorized access. This case applies to the Agreements that precisely explain their security practices.",50,"2018-01-16 15:26:10.58754","2021-05-06 08:01:23.191463",NULL,""
137,"good",50,"You are free to choose the type of copyright license that you want to use over your content","You have the right to choose or change the copyright license over content you publish through the Service.",55,"2018-01-16 15:26:08.583951","2021-05-06 08:37:48.176844",NULL,""
214,"bad",20,"You must provide your legal name, pseudonyms are not allowed","You must provide your legal name and pseudonyms aren't allowed. This case doesn't apply to Services for which transparency regarding users identities is relevant for their purposes.",26,"2018-01-16 15:26:10.305929","2021-02-25 18:48:05.605459",NULL,""
222,"good",10,"You can choose the copyright license","You have the right to choose or change the license over content you publish through the Service.",34,"2018-01-16 15:26:10.522244","2021-02-27 16:19:55.044532",NULL,""
143,"neutral",25,"This service is only available for use individually and non-commercially.","Users can't use the Service for commercial purposes (unless the Service consents): it is only for personal, individual purposes.",31,"2018-01-16 15:26:08.727572","2021-03-27 16:39:13.716893",NULL,"^((?=.*individual)|(?=.*personal))((?=.*non\-commercial)|(?=.*noncommercial))"
141,"bad",10,"Inconvenient process for obtaining personal data","This applies to cases where obtaining personal data requires sending a written letter by mail or is otherwise more complicated and time consuming than necessary.",34,"2018-01-16 15:26:08.695809","2021-03-15 19:38:02.904264",True,""
227,"good",30,"Information is provided about how your personal data is used","The Privacy Policy explains the purposes for which data is collected and the way it is processed, used and shared.",36,"2018-01-16 15:26:10.619333","2021-05-06 08:00:39.315952",NULL,""
220,"bad",40,"Your personal data is used to employ targeted third-party advertising","Your Personal Information is traded and shared with advertising companies to target ads on you, either on the website you were visiting or in third party websites. Your interaction with the service and data you have shared with them may be gathered to create an advertising ID or profile.",57,"2018-01-16 15:26:10.45235","2021-05-06 08:29:30.145481",True,""
127,"bad",5,"Third party cookies are employed, but with opt out instructions","",25,"2018-01-16 15:26:08.335897","2021-05-06 08:26:54.57265",NULL,""
213,"neutral",10,"You are not allowed to use pseudonyms, as trust and transparency between users regarding their identities is relevant to the service.","You must provide your legal name and pseudonyms aren't allowed, but it makes sense for the purposes of this service.",26,"2018-01-16 15:26:10.275878","2021-05-06 08:42:16.902004",NULL,""
212,"neutral",0,"Pseudonyms are allowed due to the service's billing policies","",55,"2018-01-16 15:26:10.23482","2021-05-06 08:50:20.988579",NULL,""
231,"good",40,"You are informed about the risk of publishing personal info online","",36,"2018-01-16 15:26:10.686705","2021-05-06 08:37:31.235093",NULL,""
277,"neutral",50,"Conditions may change, but your continued acceptance is not inferred from an earlier acceptance","When you're not logged in to a service, but use it repeatedly, it may still feel weird that their terms and conditions can change between one use and the next. However, this does not violate the rule-of-thumb that each new version should be accepted from scratch, without inferring your acceptance from the acceptance of an earlier version. Since no acceptance is inferred from continued use, but only from current use, we rate this as neutral instead of bad.",46,"2018-08-21 09:47:56.311778","2019-04-10 09:43:47.943088",NULL,NULL
285,"bad",25,"You shall not interfere with another person's enjoyment of the service","Users are asked not to interfere with another person't enjoyment in using the service.
However, this statement is very vague and open to interpretation by the service itself.",52,"2018-08-24 05:31:18.691665","2021-05-06 08:40:39.091694",NULL,"^((?=.*interfere)|(?=.*inhibit)|(?=.*disrupt)|(?=.*restrict))((?=.*enjoy)|(?=.*experience))"
278,"neutral",50,"The service is not responsible for linked or (clearly) quoted content from third-party content providers","",32,"2018-08-22 10:01:05.829395","2018-08-22 10:01:05.829395",NULL,NULL
284,"neutral",20,"You are prohibited from attempting to gain unauthorized access to other computer systems","The service does not allow any attempts at hacking or otherwise gaining unauthorized access to other users' computers.",31,"2018-08-24 05:24:43.733394","2021-05-06 08:43:17.982925",NULL,"^((?=.*unauthorized)(?=.*computer))"
184,"good",30,"This service provides a way for you to export your data","",55,"2018-01-16 15:26:09.635322","2021-03-27 16:43:51.863097",NULL,"^((?=.*portability)|(?=.*copy of your information)|(?=.*copy of your personal))"
195,"good",50,"You can request access, correction and/or deletion of your data","Users have the right to access personal data hold by the Service, correct it and/or permanently delete it. This usually applies to Services GDPR compliants. ",34,"2018-01-16 15:26:09.802002","2021-03-15 19:39:19.351488",True,""
200,"neutral",0,"Separate policies are employed for different parts of the service","The user may need to read additional product-specific agreements depending on the way the service is used.",36,"2018-01-16 15:26:09.894815","2021-05-14 12:48:24.40724",NULL,""
230,"neutral",25,"You must create an account to use this service","You must provide the service with your information in order to use it",36,"2018-01-16 15:26:10.674031","2021-05-14 14:37:23.623179",True,""
192,"good",50,"IP addresses of website visitors are not tracked","The Service disclaims that IP adresses from users are not collected (or anonymized) nor shared.",56,"2018-01-16 15:26:09.755556","2021-05-31 20:20:49.018415",True,"^((((?=.*do not)|(?=.*don't)|(?=.*does not))((?=.*collect)|(?=.*store)|(?=.*keep)|(?=.*record))|(?=.*anonymized))(?=.* IP ))"
201,"bad",60,"Your account can be deleted without prior notice and without a reason","At any time, your account can be terminated without explanation and without warning by the service. ",47,"2018-01-16 15:26:09.915249","2021-05-31 20:24:53.827907",NULL,"^(((?=.*account)|(?=.*membership)|(?=.*access))((?=.*terminate)|(?=.*close)|(?=.*cancel)|(?=.*right to disable))(((?!.*third parties)(?!.*license fee))|((?=.*at any time))))"
159,"good",30,"You will be notified about website maintenance","Users will be notified before their experience is impacted due to website maintenance.",32,"2018-01-16 15:26:09.118286","2021-05-06 08:14:33.371274",NULL,""
328,"bad",20,"Usernames can be rejected or changed for any reason","The service's terms explain they may change or remove usernames at their sole discretion, and they may do so without prior notice.",47,"2018-09-04 13:43:38.325222","2021-03-27 16:58:50.18587",NULL,"^((?=.*username)|(?=.*user name)|(?=.*user ID))((?=.refuse)|(?=.reject)|(?=.remove)|(?=.disable)|(?=.cancel)|(?=.change))"
167,"good",50,"Third parties are not allowed to access your personal information without a legal basis","",28,"2018-01-16 15:26:09.258554","2021-05-06 08:03:57.813988",NULL,""
205,"neutral",15,"Your account can be suspended for several reasons","",47,"2018-01-16 15:26:09.988104","2021-05-06 08:05:24.939122",NULL,""
161,"good",30,"You are entitled to a refund if certain thresholds or standards are not met by the service","",54,"2018-01-16 15:26:09.146306","2021-05-06 08:43:46.929764",NULL,""
208,"bad",50,"Many third parties are involved in operating the service","",48,"2018-01-16 15:26:10.085781","2018-07-11 08:34:24.680438",NULL,NULL
193,"good",25,"Your personal data is not sold","This service makes an explicit promise not to sell ""personal data"" of users.",41,"2018-01-16 15:26:09.775334","2021-02-08 02:39:01.657398",True,""
158,"good",10,"Accessibility to this service is guaranteed at 99% or more","",32,"2018-01-16 15:26:09.102354","2018-07-26 14:49:49.961547",NULL,NULL
182,"bad",50,"If you offer suggestions to the service, they become the owner of the ideas that you give them","The service can claim ownership on feedback, proposals, ideas and suggestions submitted by the users, who may waive their ""moral rights"" on that feedback.",27,"2018-01-16 15:26:09.599171","2021-02-25 18:53:35.651935",NULL,""
374,"good",50,"The cookies used by this service do not contain information that would personally identify you","The cookies used only collect anonymous, aggregated data that cannot be linked to a unique identity.",25,"2018-10-21 10:06:24.631589","2021-02-25 10:53:10.117009",True,""
186,"bad",30,"This service assumes no liability for unauthorized access to your personal information","",41,"2018-01-16 15:26:09.663458","2018-08-02 10:12:00.793674",NULL,NULL
189,"neutral",30,"Your private content may be accessed by people working for the service","",41,"2018-01-16 15:26:09.700286","2018-08-02 10:12:36.942645",NULL,NULL
194,"good",40,"The service does not index or open files that you upload","",41,"2018-01-16 15:26:09.788045","2018-08-02 10:13:47.018723",NULL,NULL
190,"neutral",10,"Your personal data is aggregated into statistics","Your personal data is used for statistics in a de-identified/aggregated form (i.e. not directly linked to a unique identity) to analyse trends, for research and for analytics.",41,"2018-01-16 15:26:09.717516","2021-02-25 11:55:50.916941",True,""
279,"neutral",50,"This service assumes no responsibility and liability for the contents of links to other websites","The service rejects any responsibility for the contents of other websites to which it links.",31,"2018-08-24 00:18:08.427476","2018-08-24 00:18:08.427476",NULL,NULL
207,"neutral",0,"Third parties are involved in operating the service","",48,"2018-01-16 15:26:10.072322","2021-01-21 23:25:01.924991",NULL,NULL
210,"good",20,"Third parties used by the service are bound by confidentiality obligations","The Third Parties accessing your personal information must keep it confidential and only use it for limited purposes.",48,"2018-01-16 15:26:10.160599","2021-02-25 10:55:03.746376",NULL,""
289,"bad",50,"The service does not guarantee that software errors will be corrected","Users agree to use the service and its software as provided and accept that any errors within that software may not be corrected.",32,"2018-08-26 03:58:55.464172","2018-08-26 03:58:55.464172",NULL,NULL
183,"good",50,"You maintain ownership of your content","This service does not claim ownership over user-generated content or materials, and the user doesn't need to waive any moral rights by posting owned content.",27,"2018-01-16 15:26:09.611656","2021-02-27 11:57:10.726037",NULL,""
309,"neutral",50,"You have the right to request lower Charges from Third Party Providers","For a service that allows you to buy goods or services from a third party (for instance, an e-commerce platform), the service allows buyers to request a lower price from the seller.",34,"2018-08-27 10:35:04.874643","2021-03-15 19:32:01.482567",NULL,""
301,"good",30,"The service reviews its privacy policy on a regular basis","Users know the date the privacy policy was last updated and can thus infer the next time it will be reviewed. This gives users more certainty about how long they can trust the current policy to apply.",46,"2018-08-27 04:06:12.780745","2018-08-27 04:06:12.780745",True,NULL
197,"good",50,"Archives of their agreements are provided so that changes can be viewed over time","This case applies to Services whose agreements provide previous versions, so that users can compare them and understand how the Service seems to evolve regarding user rights.",36,"2018-01-16 15:26:09.846745","2021-05-14 12:47:29.83971",NULL,""
288,"neutral",10,"The service does not guarantee accuracy or reliability of the information provided","This service makes no warranty regarding the accuracy or reliability of any information that is given on its website or the results that may be obtained from the use of the service.",32,"2018-08-26 03:47:34.754888","2021-05-14 14:37:01.345548",NULL,""
299,"neutral",10,"The service informs you that its privacy policy does not apply to third party websites","The service states that whenever it links to third party websites or applications, its privacy policy does not apply. Those third party websites or applications hosted or operated by other organizations may have their own privacy policies.",36,"2018-08-27 02:47:12.321969","2021-06-05 18:05:08.855702",NULL,""
286,"neutral",20,"The service is provided 'as is' and to be used at your sole risk","This service does not provide any guarantees as to its usability or fitness for the users' purposes. Users agree to use it at their own risk, accepting any possible bugs, malfunctions or harm to their devices.",32,"2018-08-25 23:38:08.16021","2021-06-05 18:05:24.110855",NULL,"^((?=.*\""as is\"")|(?=.*\""as available\""))"
292,"neutral",35,"This service does not condone any ideas contained in its user-generated contents","",52,"2018-08-26 22:16:14.49398","2021-03-27 16:55:09.803169",NULL,"^(?=.*user content)((?=.*we do not)|(?=.*does not))((?=.*promote)|(?=.*condone)|(?=.*endorse))"
295,"neutral",10,"Failure to enforce any provision of the Terms of Service does not constitute a waiver of such provision","Even if the service does not or not always enforce all of the rules or provisions contained in its terms, they still apply. Users can at a later time still be held accountable for violating provisions that have not been enforced consistently.",31,"2018-08-26 23:19:50.328259","2021-03-27 16:55:56.991983",NULL,"^(((?=.*does not)|((?=.*doesn)(?=.*t))|(?=.*should not)|(?=.*we do not)|(?=.*failure)|(?=.*fails)|(?=.*we fail))((?=.*exercise)|(?=.*enforce)|(?=.*execution))((?=.*waive)))"
385,"good",50,"Tracking cookies refused will not limit your ability to use the service","Blocking tracking technologies will not negatively impact your use of the service.",25,"2019-05-11 14:24:25.487129","2021-02-25 10:51:47.272869",True,""
144,"neutral",0,"Other applicable rules, terms, conditions or guidelines","Use of the service is subject also to an exhaustive list of other documents containing rules, guidelines, terms or policies (in addition to the obvious Terms of Service/Terms of Use and Privacy Policy/Data Use Policy)",31,"2018-01-16 15:26:08.74763","2019-05-12 13:52:56.633526",NULL,NULL
297,"good",50,"Information is provided about how they collect personal data","The service details situations in which they collect personal information or means by which they do.",36,"2018-08-27 01:42:07.244108","2021-05-06 08:07:00.41803",True,""
180,"neutral",50,"This service can use your content for all their existing and future services","",27,"2018-01-16 15:26:09.567984","2023-04-03 18:57:54.870897",NULL,""
303,"good",50,"The data retention period is kept to the minimum necessary for fulfilling its purposes","The service will remove personal data from its systems once it is no longer required. Depending on the type of information and the reason it was collected, data retention periods will vary.",45,"2018-08-27 05:14:18.155888","2021-05-06 08:07:14.388141",True,""
306,"good",40," A list of all cookies set by the website is provided","The service provides users with a complete list of all first and third party cookies its website sets and an explanation of their uses. This information can be valuable for users to make an informed choice whether to allow those cookies.",25,"2018-08-27 06:34:01.8481","2021-05-06 08:07:29.4445",True,""
128,"bad",70,"Third-party cookies are used for advertising","The service's website sets third-party cookies (cookies that do not belong to their domain) for purposes not including statistics and analytics.",25,"2018-01-16 15:26:08.349479","2021-05-06 08:27:20.175213",True,""
291,"neutral",50,"You are responsible for any risks, damages, or losses that may incur by downloading materials","Users are responsible for any harm to their computer system or loss of data they may incur through the download of materials from the service.",32,"2018-08-26 04:23:47.990049","2021-05-06 08:44:01.637557",NULL,""
298,"good",60,"You can access most of the pages on the service's website without revealing any personal information","The service does not require users to reveal personal information for most of its website. However, it may still collect anonymous logs.",41,"2018-08-27 01:48:06.184033","2021-05-06 08:44:07.774025",True,""
305,"good",60,"The service will resist legal requests for your information where reasonably possible","The service will attempt to protect user information to a great extent, even so far as stating that they will only follow legal requirements to disclose user information in circumstances where this cannot be reasonably resisted.",28,"2018-08-27 05:47:31.01576","2021-05-06 08:44:18.937551",True,""
304,"bad",40,"The service may keep a secure, anonymized record of your data for analytical purposes even after the data retention period","The data retention period states how long a service keeps user data. In this case, the service may anonymize the personal data after its retention period is over and use it for analytical or research purposes.",45,"2018-08-27 05:34:45.352715","2021-05-06 08:44:35.514501",True,""
296,"good",80,"Your information is only shared with third parties when given specific consent","The service does not share user information with any third parties unless users specifically give it permission to do so.",48,"2018-08-27 01:35:24.964651","2021-05-06 08:44:54.629626",True,""
217,"bad",5,"Tracking pixels are used in service-to-user communication","The service tracks the user count or some actions of the user; this is usually used for statistics. For example, emails sent by a service can contain a pixel tag, which is a small, clear image that can tell them whether or not you have opened an email and what your IP address is.",25,"2018-01-16 15:26:10.392302","2019-09-28 21:12:42.211513",True,NULL
131,"good",90,"Content is published under a free license instead of a bilateral one","User-generated content, such as posts or comments, is published under a free license, meaning other users can reuse it (e.g. Creative Commons license).",30,"2018-01-16 15:26:08.406054","2021-02-27 14:16:11.795721",NULL,""
221,"good",35,"The service deletes tracking data after a period of time and allows you to opt out","",25,"2018-01-16 15:26:10.479156","2019-09-28 21:13:15.739423",NULL,NULL
315,"neutral",15,"The posting of pornographic content is prohibited","Users are not allowed to post any content of pornographic nature. This includes adult content, things that are sexually explicit, or obscene.",52,"2018-08-29 02:25:34.663823","2021-05-06 08:21:13.533469",NULL,""
319,"neutral",20,"Users who have been permanently banned from this service are not allowed to re-register under a new account","Once users have been permanently banned from this service, they are not allowed to create a new account to keep using the service.",47,"2018-08-29 02:57:12.348464","2018-08-29 02:57:12.348464",NULL,NULL
337,"good",50,"You can opt out of providing personal information to third parties","The Service provides opt-out instructions to the share of (some) personal information with third parties.",34,"2018-10-17 06:24:53.671696","2021-03-15 19:43:48.05179",True,""
219,"good",25,"You can opt out of targeted advertising","The service employs your data to target ads to you, but you can opt-out of this interest-based advertising.",57,"2018-01-16 15:26:10.435599","2021-03-27 16:51:25.883877",True,"^((?=.*interest-based ads)|(?=.*targeted advertising))((?=.*opt)|((?=.*set)(?=.*preference)))"
320,"good",50,"No need to register","This service can be used without providing a user profile.",45,"2018-08-29 08:43:36.413004","2021-03-27 16:57:15.948575",True,"^((?=.*without signing up for)|(?=.*without registering an account)|(?=.*not require you to register)|(?=.*no user registration)|((?=.*don’t need an account)|(?=.*do not need an account)))"
311,"good",50,"Your personal data is not shared with third parties","Information collected from users by this service is not given to third parties.",48,"2018-08-28 02:39:24.892359","2021-06-09 16:02:00.441528",True,""
325,"bad",10,"Third-party cookies are used for statistics","For instance, Google Analytics, rather than self-hosted (first-party) statistics software.",25,"2018-08-31 12:09:15.853779","2021-03-27 16:58:36.867072",True,"^((?=.*Google Analytics)|((?=.*analytics)|(?=.*statistics))((?=.*third)|(?=.*party)|(?=.*parties)))"
331,"neutral",50,"There is a date of the last update of the agreements","The given text has a date that allows to know when it was last updated.",38,"2018-09-15 15:08:09.700759","2021-03-27 16:59:06.252181",NULL,"^(((?=.*date\:)(?=.*effective))|((?=.*Last modified\:)|(?=.*Last modified on)|(?=.*Date of Last Revision)|(?=.*page was last edited)|(?=.*Last updated)|(?=.*Last update\:)|(?=.*Last Revised)|(?=.*Version Date)))"
335,"good",50,"You aren’t forced into binding arbitration in case of disputes","Binding Arbitration is a dispute resolution method involving a neutral third party which will render a decision instead of going to court. Since the arbitrator can decide the outgoing of a dispute without evidences or a legal basis, it is preferable that users decide whether they want or not their dispute to be resolved this way.",42,"2018-09-23 22:17:51.199205","2021-05-06 08:30:25.336118",NULL,""
312,"good",25,"Two factor authentication is provided for your account","The service provides means of further securing your account with two factor authentification, thus greatly improving account security.",50,"2018-08-28 19:11:03.401196","2021-05-06 08:18:28.306333",NULL,""
317,"good",50,"You aren’t allowed to publicly post private messages","The service does not allow users to publicly post private messages they have received from other users.",52,"2018-08-29 02:34:51.222481","2021-05-06 08:21:32.085499",True,""
327,"blocker",90,"Your identity is used in ads that are shown to other users","Ads shown to other users may include a reference to you as an implied endorsement.
Might give away information about your own personal lifestyle to strangers.",57,"2018-08-31 13:32:23.819708","2020-12-15 00:00:30.888373",True,NULL
316,"neutral",30,"Political discussions or campaining are prohibited","Political content in the form or pictures, discussions, or campaigning isn't allowed.",52,"2018-08-29 02:28:34.614375","2021-05-06 08:20:56.9998",NULL,""
172,"blocker",70,"You cannot delete your account of this service","There is no way of deleting your account, which implies that data might be stored forever.",45,"2018-01-16 15:26:09.399754","2018-08-29 20:51:01.473394",True,NULL
326,"bad",50,"Your profile is combined across various products","When using multiple services from one same company, they can combine these (unrelated) information sources about you to build up a single richer user profile about you.",26,"2018-08-31 13:15:57.978585","2018-08-31 13:16:23.785562",True,NULL
314,"neutral",20,"You are prohibited from posting content which promotes violence or politically or religiously extremist values.","Users are not allowed to post extremist political or religious content. They are also not allowed to post content that glorifies violence.",52,"2018-08-29 02:24:25.241886","2021-05-06 08:22:27.756407",NULL,""
336,"bad",50,"Your personal data may be used for marketing purposes","The service may use your personal data for marketing, such as sending you personalised offerings.",57,"2018-10-14 10:41:58.905206","2021-05-06 08:29:43.206779",True,"^((?=.*personal)|((?=.*user)(?=.*information)))(?=.*market)"
330,"bad",50,"The service disables software that you are not licensed to use.","The service disables software that you are not licensed to use.",27,"2018-09-14 06:18:43.157061","2018-09-14 06:18:43.157061",NULL,NULL
283,"neutral",20,"You agree not to submit libelous, harassing or threatening content","This service prohibits users from submitting content of a variety of types. This can include content that is unlawful, harassing, abusive, threatening, libelous, sexist, racist, homophobic, transphobic, or discriminatory in any other way.",52,"2018-08-24 05:20:59.209908","2021-05-06 08:44:59.314814",NULL,""
334,"good",30,"The service explains how to prevent disclosure of personal information to third parties","",48,"2018-09-21 07:20:48.648231","2018-09-21 07:20:48.648231",True,NULL
329,"neutral",50,"You should revisit the terms periodically, although in case of material changes, the service will notify","The service may update the Terms without notice, but if they significantly change the agreements in a manner that importantly and/or negatively affects the way the service is used, users will be notified.",46,"2018-09-10 12:21:49.95607","2021-05-06 08:45:04.837282",NULL,""
399,"neutral",0,"Your IP address is collected, which can be used to view your approximate location","",56,"2020-10-24 03:25:39.315313","2021-05-06 08:11:11.748969",True,""
389,"good",50,"You can scrape the site, as long as it doesn't impact the server too much","Automated web scraping is a method of extracting information from a website. The service authorises scraping if it doesn't impact its server(s) too much.",31,"2019-05-18 12:46:51.712939","2021-05-06 08:45:19.789216",NULL,""
378,"bad",80,"Service fines users for Terms of Service violations","Service fines users for violating provisions in the Terms of Service",31,"2018-10-26 00:28:51.062282","2018-10-26 00:28:51.062282",NULL,NULL
387,"bad",50,"This service tracks which web page referred you to it","The service logs the URL of the last web page you visited before visiting the Site and may use that information to gather more data about you.",25,"2019-05-18 11:10:35.059546","2021-05-02 04:36:35.407605",True,"^(((?=.*visited )((?=.*prior)|(?=.*before))|(?=.*visited from)(?=.*domain)|((?=.* referrer )|(?=.* referral )|(?=.* referring )|(?=.* referred ))((?=.*url)|(?=.*http)|(?=.*website)|(?=.*web page)|(?=.*address)))((?!.*collectively)))"
209,"good",30,"You are warned of the potential consequences related to third-party access","This is different from disclaiming liability for external links, which is handled by the ""This service assumes no responsibility and liability for the contents of links to other websites"" case.",48,"2018-01-16 15:26:10.104663","2021-05-06 08:31:31.304199",NULL,""
394,"neutral",20,"You cannot delete your contributions, but it makes sense for this service","For services that are under an open license where your contributions are for public knowledge (such as Wikipedia and ToS;DR).",45,"2020-07-06 19:00:59.092815","2020-07-06 19:03:44.148075",True,NULL
135,"good",15,"Copyright license limited for the purposes of that same service but transferable and sublicenseable","",30,"2018-01-16 15:26:08.542487","2019-05-12 14:25:54.62219",NULL,NULL
339,"bad",50,"You are forced into binding arbitration in case of disputes","This service forces users to use their own contracted arbitrator and forces users to waive their rights to jury trial.",42,"2018-10-18 11:37:47.416869","2021-05-06 08:30:14.8318",NULL,"^((?=.*binding))((?=.*arbitration))"
388,"neutral",50,"You are allowed to quote their content with attribution","",31,"2019-05-18 12:04:12.238535","2019-05-18 12:04:12.238535",NULL,NULL
384,"neutral",50,"You authorise the service to charge a credit card supplied on re-occurring basis","You card will be billed on recurring basis unless cancelled. For instance, monthly or annual subscriptions.",54,"2019-04-19 09:19:06.923122","2021-05-31 20:25:18.854573",True,"^((?=.*automatically)((?=.*renew)|(?=.*debit))((?!.*software license))|((?=.*monthly)|(?=.*annually))((?=.*re-occurring)|(?=.*reoccur))|((?=.*recurring)(?=.*subscription))|((?=.*charge you)(?=.*payment is due))|((?=.*begin billing)(?=.*end of)(?=.*free trial)))"
381,"good",25,"No third-party analytics or tracking platforms are used","There are no Google Analytics or other tracking codes embedded in the service.  Any tracking is performed by the service itself.",48,"2018-11-24 07:31:17.579575","2021-05-06 08:31:08.88231",True,""
391,"good",30,"You will be notified if personal data has been affected by data breaches","Should the personal information of a service be compromised, the service will inform users if any personal data has been affected by data breaches. This case is also related to privacy.",50,"2019-05-18 19:43:31.457056","2021-05-06 08:45:11.259982",True,""
376,"bad",70,"Many different types of personal data are collected","The service collects different kinds of personal data, such as name, demographic information, postal address, biometric data, device information, IDs, contacts, call logs...",41,"2018-10-23 23:28:53.357252","2021-05-06 08:08:55.809152",True,""
218,"good",100,"You are not being tracked","The document excerpt needs to include the words ""[the service] does not track [users]"" or ""[the service] does not use any tracking technology"".",25,"2018-01-16 15:26:10.414249","2021-05-06 08:10:50.588547",NULL,""
372,"good",50,"User-generated content is encrypted, and this service cannot decrypt it","Content generated by the users is end-to-end encrypted, in a way that it can't be accessed by anyone unauthorised, and even the service has no technical means to decrypt it.",52,"2018-10-20 10:35:42.493421","2021-02-24 23:20:55.617494",True,""
307,"bad",50," You are being tracked via social media cookies/pixels","These types of cookies/pixels send information to social media sites when you interact with the service.",25,"2018-08-27 06:40:35.316641","2021-05-06 08:11:02.904163",True,"^(((?=.*Facebook)(?=.*pixel))|(?=.*social)((?=.*network)|((?=.*media)))(?=.*cookie))"
382,"bad",50,"Information is gathered about you through third parties","This Service may employ, either identifiable or non-identifiable, data collection from third party sources about you.",48,"2019-01-10 18:06:34.391114","2021-05-06 08:29:07.413292",True,"^((?=.*we ))((?=.*obtain)|(?=.*collect))((?=.*sources)|(?=.*third parties)|(?=.*3rd parties)|(?=.*third-parties))"
393,"good",30,"The service will only respond to government requests that are reasonable"," The Agreement explains they will disclose personal data about you if it is reasonably necessary to comply with applicable law and government requests.",28,"2020-06-15 19:00:08.698385","2021-02-25 10:35:13.254067",True,""
234,"blocker",100,"They store data on you even if you did not interact with the service","Some services store data on you even if you did not provide that data yourself. For example, users might provide access to their address book, after which a service might also store the phone numbers of that person's contacts.",41,"2018-07-03 09:36:21.0941","2020-10-19 19:26:18.784813",True,NULL
400,"bad",45,"This service receives your precise location through GPS coordinates","Unless the service relies on Geo Location, this case is to be assigned to points that don't need your GPS coordinates to function properly.",56,"2020-10-24 03:32:35.365968","2021-02-18 10:56:40.735475",True,""
375,"neutral",50,"Blocking first party cookies may limit your ability to use the service","Most browsers allow users to set preferences related to cookies storage. You may choose to block all cookies (including first-party cookies), but it may impact your use of this service and you may not be able to access some or any of the features provided.",25,"2018-10-21 10:14:30.867458","2021-02-24 23:11:47.095647",NULL,""
398,"neutral",40,"This service has a no refund policy with some exceptions","Payments can be refunded if some requirements are fulfilled.",54,"2020-10-01 08:52:32.114721","2021-02-25 10:34:30.981207",NULL,""
397,"bad",30,"Your biometric data is collected","This service can collect or use your biometric data. This includes but is not limited to facial recognition, fingerprints, and iris scans. Although this feature can sometimes be convenient to the user, providing this type of information to the service could open your personal data to being sold or stolen.",56,"2020-09-11 22:33:35.876997","2020-10-24 03:11:59.592826",True,NULL
402,"good",10,"The service has non-exclusive use of your content","The service can pay for your content and you are allowed to make it commercially available to other services/parties. ",30,"2020-11-12 05:16:05.848826","2020-11-12 05:26:31.829033",NULL,NULL
321,"good",50,"Promises will be kept after a merger or acquisition","If the service gets acquired or needs to transfer personal data after a merger, bankruptcy, reorganisation or sale of the services, the data will still be processed in a manner that honours the promises made in the agreements.",39,"2018-08-29 10:35:07.816299","2021-02-24 23:26:30.356632",NULL,""
403,"bad",50,"Instead of asking directly, this Service will assume your consent merely from your usage.","The Service infers your acceptance from your continued usage, instead of prompting you to read the Terms and asking for direct consent.",46,"2020-12-30 03:17:35.286075","2021-03-27 17:01:21.559838",True,"^((?=.*continuing)|(?=.*continued))(?=.*use)(((?=.*accept)|(?=.*agree))((?=.*terms)|(?=.*change)))"
404,"good",20,"This Service provides a list of Third Parties involved in its operation.","The Service provides a list detailing the third parties involved, their roles, and may even provide more information.",36,"2020-12-30 03:18:47.006353","2020-12-30 03:18:47.006353",True,NULL
302,"good",60,"Personal information that is shared outside its jurisdiction is processed according to the original jurisdiction’s data protection standards","The service has arrangements in place to ensure that users' personal information, if shared with an entity outside of the service's jurisdiction, is processed to the same standards that apply to the processing of personal data in the service's jurisdiction.",44,"2018-08-27 04:34:05.373166","2021-02-10 08:05:46.46234",True,""
310,"neutral",15,"If you are the target of a copyright claim, your content may be removed","The content you have published on the service may be removed if it infringes copyright.",47,"2018-08-27 12:56:52.76667","2021-02-27 15:55:15.943323",NULL,""
405,"good",20,"An anonymous payment method is offered","Some services allow payments via cryptocurrencies, so that users don’t need to reveal their identity to payment processors.",54,"2021-02-08 02:34:56.032912","2021-05-06 08:20:27.062322",NULL,""
300,"good",30,"A complaint mechanism is provided for the handling of personal data","The service provides users with contact information for an internal or external structure to lodge complaints. It also provides users with contact information for a higher data protection / privacy office in case the internal mechanism fails to satisfy the user.",41,"2018-08-27 03:20:39.589412","2021-03-27 16:56:27.514538",True,"^((?=.*complaint))((?=.*lodge)|(?=.*file))"
313,"good",50,"User accounts can be terminated after having been in breach of the terms of service repeatedly","User accounts can be terminated for having been in breach of the terms of service repeatedly, meaning they cannot be terminated without a reason, but only for a limited number of reasons. Additionally, user accounts will not be deleted after a first infringement.",47,"2018-08-29 01:42:29.223555","2021-03-27 16:56:57.303618",NULL,"^((?=.*repeat)(?=.*infringer))"
203,"neutral",40,"They may stop providing the service at any time","They may discontinue the services without prior notice, at any time, for any or no reason. They usually assume no liability for losses and damages resulting from this suspension.",47,"2018-01-16 15:26:09.944198","2021-05-14 14:37:19.462795",NULL,""
396,"bad",60,"Your Personal data may be sold unless you opt out","There is a form to opt-out (typically California's CCPA) of the selling of your personal data. This is a bad a point because there are many services that don't have this form due to not selling your data in the first place.",41,"2020-09-07 18:57:48.105379","2021-05-06 08:11:50.372494",True,""
125,"good",20,"Only temporary session cookies are used","Temporary session cookies are cookies that are deleted when you close your browser instead of remaining there until they are manually deleted (or expire). These cookies are only used for the purposes of the service and therefore disappear when it's no longer used.",25,"2018-01-16 15:26:08.29199","2021-05-06 08:12:06.458695",NULL,""
120,"neutral",35,"Critical changes to the terms are made without user involvement","They may significantly update the terms at any time and at their sole discretion, meaning for any reason and without necessarily taking into account the interests or suggestions of the users of the Service. ",35,"2018-01-16 15:26:08.170138","2021-05-06 08:16:02.249917",NULL,""
406,"good",40,"An onion site accessible over Tor is provided","Tor is a software for anonymous communication that directs Internet traffic through an overlay network. Onion sites are only available through Tor browser and provide additional security and anonymity to users.",26,"2021-02-22 13:41:13.056029","2021-05-06 08:30:41.75291",True,""
121,"bad",70," Terms may be changed any time at their discretion, without notice to you ","The Agreements can be updated at any time, including in a way that negatively affects user rights, without notifying before or after the changes.",46,"2018-01-16 15:26:08.180238","2021-05-06 08:45:26.936883",NULL,""
124,"good",40,"When the service wants to make a material change to its terms, you are notified at least 30 days in advance","The service may update the Terms without notice, but if they significantly change the agreements in a manner that importantly and/or negatively affects the way the service is used, users will be notified at least 30 days in advance.",46,"2018-01-16 15:26:08.252813","2021-05-06 08:45:33.649754",NULL,"^((?=.*notice)|(?=.*comment)|(?=.*notify))((?=.*30 days)|(?=.*60 days))"
392,"good",25,"This service does not collect, use, or share location data","No location-based information is tracked by the service, so that it cannot be used or shared with third parties.
",41,"2019-09-25 05:26:39.661745","2021-02-25 10:35:38.712823",True,""
390,"good",50,"If you offer suggestions to the service, they may use that without your approval or compensation, but they do not become the owner","The service may employ a broad copyright license over feedback, proposals, ideas and suggestions submitted, including the right to use them without restriction, compensation or obligation to the user, but they do not claim ownership on them.",27,"2019-05-18 12:52:27.550831","2021-02-25 10:36:53.085067",NULL,""
373,"bad",75,"This service may collect, use, and share location data","Location-based information is collected and may be used and/or shared with third parties for purposes not directly related to the services provided (i.e. the Service doesn't rely on the use or share of location data to function properly).",41,"2018-10-21 09:37:52.750314","2021-02-25 12:06:50.488881",True,""
163,"neutral",0,"The court of law governing the terms is in location X","The Terms are governed by the applicable laws of a jurisdiction (specified in the title of each point by replacing the ""X"").",44,"2018-01-16 15:26:09.179743","2021-02-25 12:38:43.370701",NULL,""
241,"good",50,"The court of law governing the terms is in a jurisdiction that is friendlier to user privacy protection.","The Terms are governed by the applicable laws of a jurisdiction known for protecting citizens privacy with strong data regulations. Usually contributors will need to explain in the Analysis view of each point linked to this Case why the jurisdiction is friendly to user privacy protection.",44,"2018-08-08 06:09:52.829613","2021-02-25 12:43:16.218045",NULL,""
242,"bad",50,"The court of law governing the terms is in a jurisdiction that is less friendly to user privacy protection.","The Terms are governed by the applicable laws of a jurisdiction known for weak data regulations and poor user privacy protection. Usually contributors will need to explain in the Analysis view of each point linked to this Case the reason why it shall be applied.",44,"2018-08-08 06:10:34.628333","2021-02-25 12:46:02.736098",NULL,""
223,"good",10,"You can opt out of promotional communications","You can update your account preferences and/or easily unsubscribe of email/sms lists to stop receiving promotional communications.",34,"2018-01-16 15:26:10.532434","2021-03-27 16:51:44.689443",NULL,"^((?=.*opt out)|(?=.*opt-out)|(?=.*unsubscribing)|(?=.*unsubscribe))(((?=.*email)|(?=.*promotion))|(?=.*market)(?=.*communications))"
196,"good",60,"Your personal data is used for limited purposes","Your Personal Data is only used for the essential purposes of the Service, which are clearly defined on the Agreements. For instance, the Service won't abuse your data to deliver targeted advertisements to you or for marketing purposes.",41,"2018-01-16 15:26:09.828431","2021-02-25 18:57:32.26566",NULL,""
377,"neutral",50,"Your content can be deleted if you violate the terms","Content infringing the Terms of Service (or the Acceptable Use Policy or equivalent)  may be removed, with or without notice.",47,"2018-10-25 06:32:35.388617","2021-05-06 08:12:18.606906",NULL,""
185,"bad",40,"Your personal information is used for many different purposes","Personal Data can be processed for many reasons, including non essential processing such as for advertising, marketing and analytics purposes.",41,"2018-01-16 15:26:09.649723","2021-05-06 08:13:23.465634",NULL,""
206,"good",15,"30 days of notice are given before closing your account","The Terms explain they will notify users at least 30 days before closing their accounts, which allows users to limit the losses and damages caused by this termination.",47,"2018-01-16 15:26:10.009998","2021-05-06 08:17:09.578268",NULL,""
165,"good",50,"The service promises to inform and/or notify you regarding government inquiries that may involve your personal data","In case the Government governing the Terms requests personal data of a user of this service, they will make reasonable efforts to inform/notify the user (e.g. warrant canary).",28,"2018-01-16 15:26:09.213811","2021-05-06 08:45:51.557681",NULL,""
486,"neutral",0,"Minors must have the authorization of their legal guardians to use the service","Minors must have the authorization of their legal guardians to use the services. The legal guardians are responsible for the use of the service by the minor.",31,"2021-05-08 12:37:09.382832","2021-05-08 12:37:09.382832",NULL,""
119,"good",30,"Your feedback is invited regarding changes to the terms.","The Service takes user suggestions into account to update its Terms.",35,"2018-01-16 15:26:08.158996","2021-06-05 18:05:35.47844",NULL,""
333,"bad",70,"Some personal data may be kept for business interests or legal obligations","After the end of the data retention period and/or if you request the deletion of your data, they may still keep it for business interests (fraud detection, transactions...) or legal obligations (tax, legal reporting...)",45,"2018-09-21 00:08:10.584163","2021-07-15 22:27:22.56882",True,""
323,"bad",50,"You are tracked via web beacons, tracking pixels, browser fingerprinting, and/or device fingerprinting","Tracking technologies (such as web beacons, tracking pixels...) are employed on users and/or the service assigns a unique ID to a browser or device to track its behaviour.",25,"2018-08-29 11:07:14.68649","2021-05-06 08:12:43.922005",True,"^((?=.*web beacons)|(?=.*pixel tags)|(?=.*tracking pixels)|(?=.* fingerprinting))"
407,"blocker",70,"Content you post may be edited by the service for any reason","This service can edit any content on the service for whatever the reason and at their sole discretion.",47,"2021-02-26 13:24:51.760842","2021-05-06 08:17:36.547163",NULL,""
243,"bad",50,"Your personal data may be sold or otherwise transferred as part of a bankruptcy proceeding or other type of financial transaction","If the service gets acquired or is involved in a merger, bankruptcy, reorganisation or sale, your personal data may be transferred or sold.",39,"2018-08-08 06:24:47.607478","2021-05-06 08:18:13.688385",NULL,"^(((?=.*bankruptcy)|(?=.*bankrupt)|(?=.*merger)|(?=.*merged)|(?=.*business assets))|((?=.*transfer)(?=.*asset))|((?=.*sale or transfer)(?=.*info))|((?=.*change)(?=.*new owner))((?=.*information)|(?=.*data)))"
156,"bad",40,"Per the service's terms, you may not express negative opinions about them","Criticising, questioning, making objections or complaints about the Service, its staff or anything related to it is prohibited and constitutes a breach of the Terms.",31,"2018-01-16 15:26:09.076008","2021-05-06 08:45:59.612349",NULL,""
123,"good",15,"When the service wants to change its terms, you are notified a week or more in advance.","Users will be notified a week before the Terms are somehow updated, which lets them a reasonable amount of time to carefully read the changes and perhaps stop using the services if they do not longer agree.",46,"2018-01-16 15:26:08.223767","2021-05-06 08:47:14.594877",NULL,"^((?=.*notice)|(?=.*comment)|(?=.*notify))((?=.*7 days)|(?=.*14 days))"
240,"neutral",15,"This service will continue using anonymized user-generated content after erasure of personal information","If you delete your account or your information from this service, user-generated content such as comments and posts will remain and still be used, but on a pseudonymized or anonymized form so that they can't be linked back to you.",26,"2018-07-24 00:27:05.794339","2021-02-26 18:42:28.92778",True,""
191,"neutral",10,"Only aggregate data is given to third parties","The Service only shares your information in an aggregated form, which means an anonymized form
that can't be linked to a unique identity.",41,"2018-01-16 15:26:09.743571","2021-02-26 19:59:54.129707",NULL,""
204,"good",20,"User suspension from the service will be fair and proportionate.","The Service promises to fairly terminate users accounts, only with a reason, and may give them an opportunity to explain and defend themselves.",47,"2018-01-16 15:26:09.966576","2021-02-27 15:17:38.702754",NULL,""
322,"bad",80,"App required for this service requires broad device permissions","The app of the service requires more device permissions than necessary. As a consequence it can compromise your privacy by accessing many functions and information from your device, such as precise location, contacts, device identifiers etc. ",41,"2018-08-29 11:00:24.358324","2021-02-27 15:45:32.933193",True,""
225,"good",0,"You can choose with whom you share content","Users can decide whether or not they want their content to be shared and they can control how and with whom it is shared.",34,"2018-01-16 15:26:10.569204","2021-02-27 16:22:40.728375",NULL,""
409,"bad",80,"You must provide your identifiable information","The Service requires users to provide their identifiable information, including phone number, iD number or other information, even though this data collection isn’t essential for the purposes of the service. They may still allow pseudonyms in the foreground.",26,"2021-03-01 08:16:35.777427","2021-03-01 08:16:35.777427",True,""
188,"bad",35,"This service gives your personal data to third parties involved in its operation","Your personal data is or may be given to third parties essential to the service’s operation. This could be an external spam detection service for an internet forum.",48,"2018-01-16 15:26:09.684316","2021-03-11 17:16:34.893185",True,""
332,"good",25,"This service offers a symbolic but nonbinding statement about a matter of opinion, ethics, society, or politics","If a service expresses a worldview antithetical to the user’s, that is a good signal that they should not use the service. Or conversely, if the service expresses an uncommonly-held belief that the user agrees with and thinks is relevant to the service-user relationship and/or important, they may wish to use that to choose between otherwise comparable services.",31,"2018-09-17 17:20:22.937299","2021-03-11 17:33:05.1706",NULL,""
411,"bad",50,"Your data is processed and stored in a country that is less friendly to user privacy protection","This case means that user data is not anywhere in the world, but somewhere where it is more likely to be obtained and used by government and/or possible data analysts.",41,"2021-03-11 17:58:28.661818","2021-03-11 17:58:41.719187",True,""
153,"good",30,"This service fines spammers","Sending unsolicited promotional communications through the Service (i.e. spam) is prohibited and spammers must pay a sum of money as a penalty.",31,"2018-01-16 15:26:08.987556","2021-03-27 16:42:28.124314",NULL,"^((?=.*substantial harm)|((?=.*fines)(?=.*spammers)))"
216,"bad",30,"Your personal data is used for advertising","Your interaction with the service and data you have shared with them may be gathered to create an advertising ID or profile to target ads on you, either on the website you were visiting or in third party websites.",57,"2018-01-16 15:26:10.380532","2021-05-06 08:13:43.286762",True,""
177,"good",80,"Logs are deleted after a finite period of time","Logs are text files containing some information about web visitors, such as user agents (showing for instance that you're connecting from Firefox for Android) and ip addresses (which reveal your approximate location). This case applies to Services that periodically delete their logs to prevent user sessions being tracked over time.",40,"2018-01-16 15:26:09.50352","2021-05-06 08:47:59.188027",NULL,""
232,"good",10,"A free help desk is provided","The service can be easily contacted for questions or provides a support center at no extra cost.",36,"2018-01-16 15:26:10.70375","2021-05-06 08:14:00.434758",NULL,""
160,"neutral",20,"No guarantee is given regarding quality","The Service doesn't warrant or guarantee the quality of the products or services provided.",32,"2018-01-16 15:26:09.131135","2021-05-14 14:36:40.088869",NULL,""
166,"bad",70,"This service shares your personal data with third parties that are not essential to its operation","Your personal data is or may be given to third parties nonessential to the service’s operation. This could be a business partner that receives your data to provide targeted advertisements.",48,"2018-01-16 15:26:09.231802","2021-07-02 15:20:09.009467",True,""
410,"blocker",70,"Political discussions which are against the government-advocated value are prohibited","Political content, which is against the government-advocated value, in the form or pictures, discussions, or campaigning isn’t allowed. Since it encourages the promotional content of the value, the service may tolerate trolling or spamming against political rivals or enemies.",47,"2021-03-01 09:06:07.976754","2021-05-06 08:18:00.338948",NULL,""
444,"good",0,"The publishing of personally identifiable information without the owner’s consent is not allowed","Users agree not to publicly post personally identifiable information (name, postal address, contact information…) without the owner’s knowledge or consent",52,"2021-03-15 19:22:22.644633","2021-05-06 08:22:46.772159",NULL,""
211,"bad",50,"Extra data may be collected about you through promotions","Additional personal data may be collected through contests, surveys, promotions, petitions or sweepstakes. ",57,"2018-01-16 15:26:10.199169","2021-05-06 08:29:55.670148",True,"^(((?=.*you)|(?=.*collect))(?=.*info)((?=.*promotion)|(?=.*sweepstake)|(?=.*contest)|(?=.*survey)))"
176,"good",50,"Only necessary logs are kept by the service to ensure quality","Logs are text files containing some information about web visitors, such as user agents (showing for instance that you're connecting from Firefox for Android) and ip addresses (which reveal your approximate location). This case applies to Services that only keep the strictly necessary logs on their servers and therefore protect your privacy.",40,"2018-01-16 15:26:09.472792","2021-05-06 08:48:04.736192",True,""
338,"good",50,"You can limit how your information is used by third-parties and the service","Usually it's related to the right to object to data processing or restrict it under the GDPR. Users may be able to refuse the use of their data for marketing purposes for instance.",34,"2018-10-17 06:48:48.129697","2021-03-15 19:29:06.629359",True,""
148,"neutral",10,"You are responsible for maintaining the security of your account and for the activities on your account","You are responsible for protecting the confidentiality of your password and for maintaining the security of your account. Any activity occurring under your account is your responsibility, whether authorized by you or not. ",50,"2018-01-16 15:26:08.835939","2021-03-27 16:40:43.393615",NULL,"^(((?=.*you are)|(?=.*you)(?=.*re))((?=.*responsible))((?=.*password)|(?=.*account)|(?=.*activity)|(?=.*activities)|(?=.*security)))"
152,"neutral",15,"This service is only available to users over a certain age","The Services are intended for users who are at least a certain age. If you are younger than the age required then you are prohibited from using the Service.",31,"2018-01-16 15:26:08.952429","2021-03-27 16:41:50.59469",NULL,"^((?=.*at least)((?=.*years old)|(?=.*years of age))|(?=.*you must be)(?=.*old)|((?=.*years of age)|(?=.*under the age)|(?=.*age is under)|(?=.*not intended for)|(?=.*only for))((?=.*13)|(?=.*thirteen)|(?=.*16)|(?=.*sixteen)|(?=.*18)|(?=.*eighteen))((?!.*California)))"
187,"bad",25,"Your data may be processed and stored anywhere in the world","Your data is stored all over the world, including in countries where data protection rules may differ from the ones of the service's jurisdiction or those of your country jurisdiction.",41,"2018-01-16 15:26:09.675651","2021-03-27 16:49:08.698243",NULL,"^((((?=.*transfer)(?=.*outside)((?=.*country)|(?=.*countries)|(?=.*EEA)))|(?=.*transfer)((?=.*around the world)|(?=.*around the globe)))|((?=.*pd)|(?=.*your personal)((?=.*data)|(?=.*info)))(?=.*other)((?=.*countries)|(?=.*country)))"
294,"neutral",10,"Invalidity of any portion of the Terms of Service does not entail invalidity of its remainder","Should any portion of the Terms of Service be unenforceable or invalid, that portion will be enforced to the fullest extent permitted by applicable law and the remainder of the TOS will remain valid and enforceable.",31,"2018-08-26 23:10:29.004536","2021-03-27 16:55:39.895228",NULL,"^(?=.*remain in full force and effect)|(?=.*will remain in effect)(?=.*if any)|((?=.*unenforceable)|(?=.*unenforced))((?=.*invalid))"
281,"neutral",25,"You are prohibited from sending chain letters, junk mail, spam or any unsolicited messages","Users are not allowed to use the service for chain letters, junk mail, spamming or any other distribution of content to people who have not agreed to receiving it.",52,"2018-08-24 03:58:16.944492","2021-05-06 08:48:26.340167",NULL,"^(((?=.*unsolicited)((?=.*messages)|(?=.*email)))|(?=.*spam))"
445,"neutral",50,"Harming minors in any ways is prohibited","This service prohibits harming minor in any ways. Since both “minor” and “in any ways” are vague and can be cited to restrict possibly any actions, the case is not classified as “good”.",31,"2021-03-16 18:49:12.601921","2021-05-08 12:35:30.431826",NULL,""
157,"bad",30,"Your use is throttled","The service may impose limits or restrictions to the use of the service, thus negatively impacting users experience. They may do so without reason or prior notice.",32,"2018-01-16 15:26:09.092475","2021-05-06 08:15:47.67117",NULL,"^((?=.*throttle)|(?=.*reduce))((?=.*bandwidth)|(?=.*speed))"
140,"good",40,"You can retrieve an archive of your data","Users can request a copy of the data collected through the services and infer from it the amount of personal information that is processed and stored by the Service. This usually applies to Services GDPR compliants.",34,"2018-01-16 15:26:08.66076","2021-05-06 08:28:43.835698",NULL,""
151,"bad",50,"You have a reduced time period to take legal action against the service","If you wish to bring legal action against a service about a past incident, you may not be able to do so if the Terms you agreed to implied a limited amount of time. As a result it may be worthy to carefully read that section of the Terms to know exactly how much time you might have before your right to take legal action expires.",31,"2018-01-16 15:26:08.926854","2021-05-06 08:48:21.060636",NULL,"^(((?=.*must be commenced)|(?=.*cause of action)|(?=.*forever barred)|(?=.*permanently barred))(((?=.*one)|(?=.*two))(?=.*year)|(((?=.*twelve)|(?=.*six))(?=.*months))))"
150,"neutral",20,"Spidering, crawling, or accessing the site through any automated means is not allowed","",52,"2018-01-16 15:26:08.898719","2021-07-25 10:42:48.562971",NULL,"^(((?=.*not)|(?=.*no)|(?=.*prohibited)|(?=.*prohibits))(((?=.*spidering)|(?=.*spider)|(?=.*crawler)|(?=.*crawling))|((?=.*automatic )|(?=.*automation)|(?=.*automate)(?=.*access)))((?!.*GDPR)(?!.*renew)(?!.*payment)(?!.*email options)))"
478,"blocker",30,"This service still tracks you even if you opted out from tracking","Users can’t fully opt out of tracking technologies used for non essential purposes such as advertising, marketing or analytics. The user may be asked for consent for installing some tracking technologies on the device, and even if all are rejected the service will still track its visitors and ignore the choice.This case doesn’t apply to functional cookies that are necessary to provide the services.",25,"2021-03-31 14:12:47.586669","2021-03-31 14:12:47.586669",True,""
126,"neutral",10,"First-party cookies are used","First-party cookies only belong to the domain of the service and not a third party.",25,"2018-01-16 15:26:08.311645","2021-05-06 08:28:30.139694",NULL,"^((?=.*essential cookies)|((?=.*domain cookies)|(?=.*domain-specific cookies))|((?=.*first-party cookies)|(?=.*first party cookies))|(?=.*cookies)(((?=.*strictly necessary)|(?=.*necessary)(?=.*function))|((?=.*remember)(?=.*preferences)|((?=.*logged in)|(?=.*logging in)))))"
480,"good",40,"Your personal data will not be used for an automated decision-making","The service promises not to use your personal data for automated decision-making, including profiling.",41,"2021-04-11 00:10:06.706358","2021-04-11 00:10:06.706358",NULL,""
174,"blocker",30,"This service holds onto content that you've deleted","Content may remain in backup servers and be retained after deletion, and thus never be completely deleted. This case doesn't apply to contributions that can't be removed due to the nature of the service.",45,"2018-01-16 15:26:09.426866","2021-04-17 01:15:07.628805",NULL,"^(((?=.*may retain)|(?=.*may remain))((?=.*remove)|(?=.*delete)|(?=.*deletion))((?=.*copies)|(?=.*in our records))|((?=.*content you delete)(?=.*continue)(?=.*appear))|((?=.*retain)|(?=.*archive))((?=.*request)(?=.*remove)))"
481,"good",20,"The service claims to be GDPR compliant for European users","The service has a different behavior towards users protected by the GDPR.",44,"2021-05-02 12:49:40.815109","2021-05-02 12:49:40.815109",NULL,""
482,"good",20,"The service claims to be CCPA compliant for California users","The service has a different behavior towards users protected by the California Consumer Privacy Act.",44,"2021-05-02 12:54:56.791488","2021-05-02 18:27:16.534781",NULL,""
483,"good",20,"The service claims to be LGPD compliant for Brazilian users","The service has a different behavior towards users protected by the Lei Geral de Proteção de Dados Pessoais.",44,"2021-05-02 18:29:13.376533","2021-05-02 18:29:13.376533",NULL,""
484,"neutral",10,"You must report to the service any unauthorized use of your account or any breach of security","The service asks the user to notify them immediately of any unauthorized use or security breaches.",50,"2021-05-04 17:27:41.868261","2021-05-04 17:27:41.868261",NULL,""
324,"neutral",30,"Alternative accounts are not allowed","Services that do not allow multiple or alternative accounts are covered by this case.
Alternative accounts can contribute to an increased privacy, but can also be used to manipulate discussions and polls and might decrease the trustworthiness of a person.",26,"2018-08-29 20:45:49.903657","2021-05-06 08:07:49.94273",True,"^((((?=.*not)|(?=.*no))((?=.*multiple)|(?=.*more than one))(?=.*account))|(?=.*one-account-per-user)|((?=.*only)(?=.*one)(?=.*account)))"
215,"good",20," Pseudonyms are allowed","You don't need to provide your full name to use the Service and you are allowed to use a pseudonym instead.",26,"2018-01-16 15:26:10.347919","2021-05-06 08:13:06.336944",NULL,"^(((?=.*nickname)(?=.*optional))|((?=.*don’t)|(?=.*do not))(((?=.*require)(?=.*have to))|((?=.*use your)))(?=.*real name)|(((?=.*allowed)|(?=.*can use)|(?=.*recommend))(?=.*pseudonym))|((?=.*use)(?=.*anonymous)(?=.*username))|((?=.*no requirement)|(?=.*optional))(?=.*real name))"
479,"bad",50,"You aren’t allowed to remove or edit user-generated content","You cannot edit or remove your content from this service.",52,"2021-04-06 01:39:46.666904","2021-05-06 08:25:09.522728",NULL,""
202,"blocker",50,"Specific content can be deleted without reason and may be removed without prior notice"," This service can delete specific content. Usually they will claim they reserve the right to do it at their sole discretion, which is legalese for saying they won't give a specific reason. If the terms say they will not notify you, it shall be included in the quote but if it does not explicitly say they will give you a notice, it can be reasonably inferred that they can do it without telling you.",47,"2018-01-16 15:26:09.934111","2021-05-06 08:16:55.066703",NULL,"^(((?=.*content)|(?=.*UGC)|(?=.*posting))((?=.*remove)|(?=.*refuse)|(?=.*delete))((?=.*without prior)((?=.*notice)|(?=.*notification))|((?=.*any reason)|(?=.*no reason)|(?=.*sole discretion))))"
145,"neutral",40,"You agree to indemnify and hold the service harmless in case of a claim related to your use of the service","You are responsible for your use of the service. If a claim arises related to that use, you agree to indemnify and hold the service harmless.
If users are also required to defend the service, see Case 146 instead.",31,"2018-01-16 15:26:08.768423","2023-04-03 18:53:28.339283",NULL,"^((?=.*indemnify)(?=.*harmless))(?!.*defend)"
233,"bad",60,"Do Not Track (DNT) headers are ignored and you are tracked anyway even if you set this header.","Even though the Do Not Track (DNT) header was not implemented perfectly, services should not track users whose browsers send a DNT header.",25,"2018-06-26 12:04:59.070418","2021-05-06 08:27:46.241984",True,"^(((?=.*dnt)|(?=.*do not track)|(?=.*do-not-track)|(?=.*requests not to be tracked))(((?=.*at this time)|(?=.*do not currently)|(?=.*continue to operate))|((?=.*does not)|(?=.*do not)|(?=.*doesn't))((?=.*honor)|(?=.*honour)|(?=.*respond)|(?=.*recognize)|(?=.*recognizing)|(?=.*support )|(?=.*alter)|((?=.*change)(?=.*behavior))|(?=.*action)))((?!.*we honor)(?!.*we honour)(?!.*by honor)(?!.*by honour)(?!.*we respect)(?!.*how does)))"
485,"good",30,"The service is open-source","The code of the software is open-source and the users can have access to the source code.",36,"2021-05-04 17:36:27.207157","2021-05-10 11:26:17.191222",NULL,""
170,"good",15,"You have the right to leave this service at any time","You can stop using the service and/or cancel or delete your account at any time for any reason. Moreover, the termination is reasonably fast and simple.",45,"2018-01-16 15:26:09.347811","2021-07-25 10:37:45.140006",NULL,"^((((?=.*you may)|(?=.*you can)|(?=.*you have a right)|(?=.*you have the right))((?=.*close)|(?=.*delete)|(?=.*terminate)|(?=.*cancel))((?=.*at any time)|(?=.*at any point)|(?=.*your sole discretion))|((?=.*you)((?=.*may)|(?=.*can)|(?=.*free))(?=.*stop using)))(?!.*its sole discretion))"
487,"blocker",50,"Sensitive data is collected and shared to target advertising","Sensitive data refers to information requiring special protection, such as health data, political and religious beliefs, ethnic origins, sexual life and financial information. The service collects and shares this data with third parties for advertising or marketing.",57,"2021-05-08 12:40:24.840855","2021-05-08 12:40:24.840855",NULL,""
383,"good",30,"Your browser's Do Not Track (DNT) headers are respected","This service does respect the browser's Do Not Track header and disables all user tracking if it is enabled.",25,"2019-03-31 20:46:25.931745","2021-05-10 07:25:55.431953",True,"^((((?=.*we honor)|(?=.*we honour)|(?=.*by honor)|(?=.*by honour)|(?=.*respect)|(?=.*support)|(?=.*then we won’t count you))((?=.*dnt)|(?=.*do not track)|(?=.*do-not-track))|((?=.*dnt)|(?=.*do not track)|(?=.*do-not-track))(((?=.*opt-out)|(?=.*opt out)|(?=.*disable))((?=.*third party)|(?=.*third-party)|(?=.*analytics))|((?=.*w3c)(?=.*standard))))((?!.*at this time)(?!.*do not currently)(?!.*does not support)))"
488,"good",50,"Your data is processed and stored in a country that is friendlier to user privacy protection","The Terms are governed by the applicable laws of a jurisdiction known for strong data regulations and user privacy protection. Usually contributors will need to explain in the Analysis view of each point linked to this Case the reason why it shall be applied.",41,"2021-05-11 20:53:06.582421","2021-05-11 20:53:06.582421",True,""
395,"blocker",50,"Your browsing history can be viewed by the service","The service can view your search history and the websites you visit, which is an extremely intrusive way of collecting information that may include personal and/or sensitive data.",56,"2020-07-14 20:53:53.714593","2021-05-13 10:58:50.095184",True,"^((((?=.*browser)|(?=.*browsing)|(?=.*search))(?=.*history)|(?=.*browsing behavior))(?!.*ccpa)(?!.*california consumer))"
386,"blocker",100,"The policy refers to documents that are missing or unfindable","For instance, when the privacy policy refers to the cookie policy, but there is no link to a cookie policy, anywhere. It only applies to services that are impossible to contact to raise the issue, either because they don’t offer any contact method or they do not respond in a reasonable time.",36,"2019-05-11 14:41:29.424185","2021-05-14 12:45:50.713571",NULL,""
199,"good",15,"The terms for this service are easy to read","The Agreements are well-organised, define legal terms (where applicable), aren't needlessly long and may be pleasant to read.",36,"2018-01-16 15:26:09.875993","2021-05-14 12:47:00.376324",NULL,""
198,"neutral",0,"The terms for this service are translated into different languages","Although there's generally a unique binding language for the terms, they are translated to allow all users to understand the agreement they're accepting, no matter their native language.",36,"2018-01-16 15:26:09.859584","2021-05-14 12:48:02.779807",NULL,"^((?=.*Español)|(?=.*Français)|(?=.*Deutsch)|(?=.*Português)|(?=.*Italiano)|(?=.*Polski)|(?=.*language\:))"
290,"neutral",0,"This service does not guarantee that it or the products obtained through it meet your expectations or requirements","This service provider informs its users that the services, information, products, or other materials provided on its website may not meet the users' expectations or requirements.",32,"2018-08-26 04:11:17.888842","2021-05-14 14:36:47.627981",NULL,"^((((?=.* no )|(?=.*not))|(?=.*disclaim))(?=.*warrant)(((?=.*meet)((?=.*requirement)|(?=.*expectation)|(?=.*needs)))|((?=.*fitness for)|(?=.*suitable))(?=.*purpose)))"
379,"bad",60,"User-generated content can be blocked or censored for any reason","The service reserves the right, for any or no reason, to refuse to post or reject user communications.",47,"2018-10-26 05:58:57.599967","2021-05-14 15:47:35.958034",NULL,""
489,"bad",50,"Voice data is collected and shared with third-parties","The service collects data and recordings of your voice when you communicate with a service verbally and may use and share them with third parties, that may use this data for marketing or advertising.",56,"2021-05-16 13:12:21.126139","2021-05-16 13:12:21.126139",True,""
490,"bad",20," The service is only available in some countries approved by its government","Countries under embargo or banned by the government of the country in question cannot use the service.",44,"2021-05-18 00:15:05.481669","2021-05-19 14:51:32.683749",True,""
491,"blocker",100,"All Traffic is unencrypted (no https)","The service doesn’t employ TLS/SSL encryption to secure the traffic between your browser and the website you’re visiting. As a result the data transmitted may be monitored by unauthorized third parties.",50,"2021-05-24 08:07:42.130561","2021-05-24 08:07:42.130561",True,""
287,"neutral",30,"The service provider makes no warranty regarding uninterrupted, timely, secure or error-free service","The service provider expressly does not claim to provide uninterrupted, timely, secure or error-free service.",32,"2018-08-25 23:51:23.964727","2023-04-03 18:58:37.030294",NULL,"^(((?=.*warrant)|(?=.*guarantee)|(?=.*promise))((?=.*uninterrupted)|(?=.*error-free)|(?=.*error free)|(?=.*secure)|(?=.*timely)|(?=.*timeliness)))"
164,"bad",50,"Your personal data may be disclosed to comply with government requests without notice to you","If the Government governing the Terms requests personal data of a user of this service, they may not inform/notify the user while complying with the request.",28,"2018-01-16 15:26:09.194087","2023-05-05 09:43:54.553344",True,""
503,"good",20,"You can set guidelines for the use of your personal information after your death","After death, the deceased’s accounts may still exist and personal data could still be processed with no more control by the user. Citizens of some jurisdictions can set a digital testimony to guide the use of personal data by companies after death.",45,"2023-05-20 20:07:10.124728","2023-05-20 20:07:10.124728",True,""
118,"blocker",50,"You waive your moral rights","Moral rights are rights to creators of literary, dramatic, musical and artistic works, as well as directors of films.

""The moral rights include the right of attribution, the right to have a work published anonymously or pseudonymously, and the right to the integrity of the work. The preserving of the integrity of the work allows the author to object to alteration, distortion, or mutilation of the work that is ""prejudicial to the author's honor or reputation"". Anything else that may detract from the artist's relationship with the work even after it leaves the artist's possession or ownership may bring these moral rights into play. Moral rights are distinct from any economic rights tied to copyrights. Even if an artist has assigned his or her copyright rights to a work to a third party, he or she still maintains the moral rights to the work."" -Wikipedia

In general, any terms that use the exact words ""moral rights"" as rights that are waived will fall under this Case.",27,"2018-01-16 15:26:08.131701","2021-05-24 08:17:03.838154",NULL,"^((?=.*moral)(?=.*waive))"
117,"bad",50,"You waive your right to a class action.","The right to be represented in a class action (or representative action) exists in the US and some European countries. It allows people who have been similarly injured by the same accused to take legal action by a single lawsuit instead of individually. Some Terms of Service try to limit that right. By agreeing to them, you could waive (= renounce to) your right to a class action, which might reduce your chances to be successful in a case.",42,"2018-01-16 15:26:08.113037","2021-05-24 08:21:53.213421",NULL,"^(((?=.*class action)|(?=.*class-action))|((?=.*individual capacity)|(?=.*individual basis))|((?=.*not)|(?=.*waive))((?=.*class, )))"
492,"bad",30,"Your provided identifiable information is actively checked by the service","The service checks if the required identifiable information you've provided is correct, and may do so on a regular basis. The check measures could be analyzing your browser information and/or providing the identifiable information to a third-party or the authority, thus compromising your anonymity.",26,"2021-05-28 09:40:19.204027","2021-05-28 09:51:31.306055",True,""
239,"blocker",70,"Private messages can be read","The Service is able to access, scan, review or read all user communications, including private messages, which may contain personal or sensitive data.",41,"2018-07-22 09:27:23.303262","2021-05-31 21:12:36.233269",True,"^(((?=.*information)((?=.*collect)|(?=.*non-public))((?=.*message)|(?=.*chat))|((?=.*review)|(?=.*analyze))((?=.*message)|(?=.*messaging)|(?=.*private communication))|((?=.*monitor)|(?=.*record)|(?=.*process)|((?=.*automatic)(?=.*scan)))(((?=.*communication)(?!.*integrity)(?!.*effectiveness))|(?=.*message)|(?=.*messaging))|(((?=.*private)|(?=.*log))(?=.*chat)(?=.*moderation))|((?=.*private message)(?=.*legal agencies)))(?!.*spoofing)(?!.*phishing))"
493,"neutral",10,"This service is a subsidiary of Company X","The service is a subsidiary of a certain company (called X in the title, to be replaced by the parent Company in each point's title). Company X’s Terms of Service may apply to the service.",36,"2021-06-02 12:28:40.372913","2021-06-02 12:28:40.372913",NULL,""
494,"good",10,"An audio version of the Terms of Service is provided","This service provides an audio file of someone reading the agreements for users to play and listen to.",36,"2021-06-05 10:27:28.522417","2021-06-05 10:27:28.522417",NULL,""
495,"neutral",25,"This service is only available for commercial use","Users can’t use the Service for individual or personal purposes (unless the Service consents): it is only for business to business (B2B).",31,"2021-06-20 19:00:03.676507","2021-06-20 19:00:03.676507",NULL,""
496,"neutral",10,"You can’t close your account if an investigation is ongoing","If an investigation is currently ongoing, you’re not allowed to close your account until it’s done or in an attempt to avoid investigation.",28,"2021-06-29 15:55:06.256163","2021-06-29 15:55:06.256163",NULL,""
497,"bad",80,"Prices and fees may be changed at any time, without notice to you","The service reserves the right to change or modify its pricing and fees at any time, and such changes are effective immediately without need for further notice to the user.",54,"2021-07-15 22:32:46.553363","2021-07-15 22:32:46.553363",NULL,""
178,"bad",100,"Logs are kept for an undefined period of time","Logs are text files containing some information about web visitors, such as user agents (showing for instance that you're connecting from Firefox for Android) and ip addresses (which reveal your approximate location). This case applies to Services that may keep logs indefinitely, allowing user sessions to be tracked over time. Logs that are kept for a time ""consistent with applicable law"" also fall under this case, since this period of time may be murky or undefined.",40,"2018-01-16 15:26:09.527019","2021-08-19 01:05:09.145886",NULL,"^((?=.*as long as)|(?=.*purposes))((?=.*necessary)|(?=.*needed)|(?=.*legally obligated))"
142,"neutral",10,"Only for your individual use","",55,"2018-01-16 15:26:08.714406","2022-12-27 09:10:42.212363",NULL,""
498,"good",20,"The service does not use any third-party advertising services","The service does not put any paid third party advertisements on their platform",57,"2023-01-12 12:17:44.733823","2023-01-12 12:17:44.733823",True,""
499,"neutral",50,"The service suspends your account after inactivity for a certain or uncertain time","",45,"2023-01-12 12:26:49.890394","2023-01-12 12:26:49.890394",NULL,""
500,"neutral",70,"Security incidents are reported to the authorities","If the service is encountering and dealing with a security incident involving potential losses or damages for its users, its reactions may be reported to the authority as part of a legal proceeding.",50,"2023-01-12 12:29:51.400689","2023-01-12 12:29:51.400689",NULL,""
501,"good",90,"This Service does not keep any logs.","This service is committed to not store any log data at all.",40,"2023-01-12 12:31:05.922965","2023-01-12 12:31:05.922965",NULL,""
502,"blocker",100,"Changes in policies are applied retroactively.","This service requires that your behavior, and/or content, complies with the newest version of the regulations regardless of the time at which you have submitted it.",38,"2023-02-01 13:52:02.496615","2023-02-01 13:52:02.496615",NULL,""
146,"neutral",60,"You agree to defend, indemnify, and hold the service harmless in case of a claim related to your use of the service","",31,"2018-01-16 15:26:08.798489","2023-04-03 18:50:27.070533",NULL,"^((?=.*indemnify))((?=.*defend))((?=.*harmless))"
293,"neutral",50,"This service assumes no liability for any losses or damages resulting from any matter relating to the service","The service assumes no liability for any damages the user incurs, including tangible (e.g. profits) and intangible losses (e.g. data), resulting from the use or inability to use the service or any other matter relating to the service.",31,"2018-08-26 22:31:46.138198","2023-04-03 18:56:40.248664",NULL,"^((?=.*liable)|(?=.*liability))(((?=.*incidental)|(?=.*punitive)|(?=.*consequential))|((?=.*loss of)((?=.*revenue)|(?=.*data)|(?=.*profit))))"
228,"good",30,"Information is provided about what kind of information they collect","The Privacy Policy describes in detail the data collected through the website and through the services provided.",36,"2018-01-16 15:26:10.631312","2023-04-09 10:59:47.874764",NULL,"^(((?=.*information)(((?=.*from you)|(?=.*about you))|((?=.*we collect)|(?=.*we gather)))|((?=.*data)|(?=.*what data)|((?=.*what categories)(?=.*info))|(?=.*personal information))((?=.*we collect)|(((?=.*collects)(?=.*about you))|((?=.*does)(?=.*collect))|(?=.*process)))|((?=.*types of)(?=.*data)(?=.*collect)))(?!.*sell)(?!.*around the world)(?!.*around the globe)(?!.*transmission))"
504,"blocker",50,"Your personal data is used for automated decision-making, profiling or AI training","Personal data or content you share with the service may be processed to make decisions by automated means without human involvement. This includes profiling, which is any form of automated processing of your information to analyse or predict things like your economic situation, health, personal preferences or interests; as well as Artificial Intelligence training.",41,"2023-05-20 20:14:57.173997","2023-05-20 20:14:57.173997",True,""
